first_name,middle_name,last_name,username,password,contact_number,status,role_id,locale_id,district_id,division_id
Melissa,Williams,Murphy,melissamurphy,2jaPx6yd9u,862695010,Active,1,1,1,1
Isabella,Ross,Cooper,isabellacooper,6VxKqToTUv,855036216,Active,2,1,1,1
Arianna,Stewart,Grande,ariannagrande,YbfNcI772y,373380697,Active,3,1,1,1
Roland,Ellis,Davis,rolanddavis,1LDsCM47XS,901431516,Active,1,2,1,1
Miller,Cunnigham,Hill,millerhill,Vu0c1P6R7S,97402957,Active,2,2,1,1
Stuart,Craig,Roberts,stuartroberts,7PIKFv3MVG,685111182,Active,3,2,1,1
Tiana,Tucker,Harrison,tianaharrison,jiTsjQSYAC,738946947,Active,1,3,1,1
Owen,Tucker,Campbell,owencampbell,C918wJuin6,198009455,Active,2,3,1,1
Amy,Watson,smith,amysmith,FwDu2f9b0c,31574687,Active,3,3,1,1
Derek,Dixon,Ellis,derekellis,UfiAr6IHNh,688099122,Active,1,4,1,1
Belinda,Morrison,Morris,belindamorris,9H3beKzeHg,732611818,Active,2,4,1,1
Penelope,Clark,Stewart,penelopestewart,ZM9oRry5HB,160936751,Active,3,4,1,1
Agata,Edwards,Ellis,agataellis,C9Xn8kG7JV,454583899,Active,1,5,1,1
Natalier,Montgomery,Smith,nataliersmith,ZQ6qhoJZZn,489324026,Active,2,5,1,1
Haris,Cooper,Reed,harisreed,Syon2BRenu,185125109,Active,3,5,1,1
Fiona,Haper,Brooks,fionabrooks,2N7eJmQDEX,309817469,Active,1,6,2,1
Alford,Mason,Payne,alfordpayne,Mb95GLjKzt,79066498,Active,2,6,2,1
Chloe,Cameron,Cunnigham,chloecunnigham,r8LUL2vQWj,819925797,Active,3,6,2,1
Byron,Carter,Davis,byrondavis,d8uGXfwgS2,413923153,Active,1,7,2,1
Brad,Wilson,Cameron,bradcameron,k9TfG589sC,136149304,Active,2,7,2,1
Chelsea,Myers,Higgins,chelseahiggins,k9TfG589sC,839229921,Active,3,7,2,1
Andrew,Parker,Barnes,andrewbarnes,84dLFYT6qj,573909262,Active,1,8,2,1
Grace,Rogers,Fowler,gracefowler,WvPF3pxQn7,229087050,Active,2,8,2,1
Mike,Owens,Roberts,mikeroberts,h4WyJaJdhM,1187949,Active,3,8,2,1
Andrew,Fowler,Myers,andrewmyers,hTpSuY922n,917714887,Active,1,9,2,1
Max,Davis,Hunt,maxhunt,QMQmiA8Zzo,751886862,Active,2,9,2,1
Lyndon,Ross,Murphy,lyndonmurphy,fDu2nPyUkR,636245032,Active,3,9,2,1
Robert,Roberts,Kelley,robertkelley,kBKfp3bb3S,76146055,Active,1,1,2,1
Madaline,Cameron,Stevens,madalinestevens,k6iVSJ8KG2,935483695,Active,2,1,2,1
Myra,Andrews,Ferguson,myraferguson,oqe8QHzyW9,1187949,Active,3,1,2,1
Vivian,Owens,Bailey,vivianbailey,N3uagii7hb,917714887,Active,1,2,3,1
Connie,Kelly,Holmes,connieholmes,jeHxs9CoNX,751886862,Active,2,2,3,1
Maddie,Davis,Harrison,maddieharrison,5eUJtyahHM,636245032,Active,3,2,3,1
Preston,Cunningham,Elliot,prestonelliot,H33btNHdmu,76146055,Active,1,3,3,1
Alexia,Gray,Casey,alexiacasey,u3DDmG6yAt,935483695,Active,2,3,3,1
Sofia,Ross,Gibson,sofiagibson,u3DDmG6yAt,589617476,Active,3,3,3,1
Caroline,Bennett,Hawkins,carolinehawkins,6VkfRjY7Ez,152138712,Active,1,4,3,1
Spike,Ryan,Perkins,spikeperkins,ZB6LxWGG9r,898234079,Active,2,4,3,1
David,Farrell,Andrews,davidandrews,edsgo63VrF,604961410,Active,3,4,3,1
Vincent,West,Johnston,vincentjohnston,bMqXift8Nv,303471386,Active,1,5,3,1
William,Moore,Mitchell,williammitchell,TEPM2hunPP,733015341,Active,2,5,3,1
Alan,Wright,Richards,alanrichards,TcHM6RsnSN,61171611,Active,3,5,3,1
Clark,Crawford,Owens,clarkowens,TcHM6RsnSN,924071875,Active,1,6,3,1
Maddie,Gray,Elliot,maddieelliot,9mtbGiJMUx,410965467,Active,2,6,3,1
Isabella,Wright,Dixon,isabelladixon,PHHw35J6Vr,831562178,Active,3,6,3,1
Jordan,Barnes,Gibson,jordangibson,m8SGR9eT7g,467313433,Active,1,7,1,1
Aston,Richardson,Casey,astoncasey,Qx2ZaoXVb5,122154649,Active,2,7,1,1
Rosie,Brown,Turner,rosieturner,75pR4b9Bac,966998333,Active,3,7,1,1
Cadie,Thomas,Douglas,cadiedouglas,MzYeqj2BuL,910425023,Active,1,8,1,1
Naomi,Grant,Taylor,naomitaylor,n4BeKzWE2Y,312943610,Active,2,8,1,1
Garry,West,Rougers,garryrougers,5fp2AEq79z,492100420,Active,3,8,1,1
Edwin,Martin,Douglas,edwindouglas,ro2TS3oy3A,231903582,Active,1,9,1,1
Miller,Reed,Russell,millerrussell,dSVU9UbQzw,772631997,Active,2,9,1,1
Kellan,Douglas,Montgomery,kellanmontgomery,PyN4y7xG4j,780864029,Active,3,9,1,1
Sophia,Kelley,Roberts,sophiaroberts,g6qJPiwhtV,845163213,Active,1,1,1,1
Caroline,Cameron,Anderson,carolineanderson,hxYf2JqtX2,272799817,Active,2,1,1,1
Florrie,Walker,Carter,florriecarter,jLszn74Raw,101154741,Active,3,1,1,1
Elian,Mitchell,Walker,elianwalker,fE8ooDz592,339079958,Active,1,2,1,1
Nicole,Richards,Adams,nicoleadams,vVW5Bg2RBr,333727293,Active,2,2,1,1
Edwin,Stewart,Armstrong,edwinarmstrong,R7baY7PAAZ,627731665,Active,3,2,1,1
Maddie,Nelson,Myers,maddiemyers,UcmUKvHim3,258726789,Active,1,3,2,1
Fiona,Rogers,Richards,fionarichards,LwaF9HMbBd,641451460,Active,2,3,2,1
Lucia,Williams,Robinson,luciarobinson,Qk6B7aBdXu,865579417,Active,3,3,2,1
Sophia,Craig,Montgomery,sophiamontgomery,C7pVbkHdW3,460359675,Active,1,4,2,1
Valeria,Morris,Kelly,valeriakelly,iK4sr4hUjX,563319202,Active,2,4,2,1
Maximilian,Ryan,Cunningham,maximiliancunningham,K7tyH8WvbF,81396648,Active,3,4,2,1
Audrey,Allen,Tucker,audreytucker,Z5Kr5zwevq,373001370,Active,1,5,2,1
Fenton,Dixon,Gray,fentongray,ovcXPe9Pe8,368005892,Active,2,5,2,1
Martin,Adams,Martin,martinmartin,uc4FAk9K5v,571625892,Active,3,5,2,1
Jordan,Johnson,Brown,jordanbrown,Tx53KTwBKC,695582413,Active,1,6,2,1
Lenny,Cameron,Carter,lennycarter,v43MfFLKJS,35684532,Active,2,6,2,1
Maddie,Riley,Dixon,maddiedixon,AQ76P7PUtH,876811605,Active,3,6,2,1
Justin,Stevens,Walker,justinwalker,Z2XW7CF3pq,615546440,Active,1,7,2,1
Frederick,Phillips,Martin,frederickmartin,6z3hiur6KU,759320709,Active,2,7,2,1
Michelle,Carter,Alexander,michellealexander,VH7FPpm2Pz,674146015,Active,3,7,2,1
Antony,Edwards,Wells,antonywells,X6iS2SxQaT,764364356,Active,1,8,3,1
Rebecca,Parker,Hawkins,rebeccahawkins,atTz9hFGxr,972459457,Active,2,8,3,1
Elian,Harrison,kelley,eliankelley,2KGQz2FHjz,622569342,Active,3,8,3,1
Tony,Nelson,Wright,tonywright,NA6gnHmKMs,723356830,Active,1,9,3,1
Fenton,Barrett,Richards,fentonrichards,D48Xshz9pC,584940279,Active,2,9,3,1
Edwin,Watson,Ferguson,edwinferguson,DzttnDECC4,903109410,Active,3,9,3,1
Joyce,Crawford,Taylor,joycetaylor,Rx8YnmKNaA,315859493,Active,1,1,3,1
Tony,Mason,Stevens,tonystevens,NBm59gVR2m,874610317,Active,2,2,3,1
Bruce,Moore,Cunningham,brucecunningham,ZbtcR7hfQT,934354593,Active,3,3,3,1
Jessica,Barnes,Russell,jessicarussell,74YYJd8ExK,650230365,Active,1,4,3,1
Rosie,Spencer,Richardson,rosierichardson,6oxA9eGZxc,80724743,Active,2,5,3,1
Owen,Hall,Moore,owenmoore,6P3VLPVrkf,189106783,Active,3,6,3,1
Alissa,Morrison,Edwards,alissaedwards,X4VfVfwm88,683396607,Active,4,,3,1
Vincent,Henderson,Kelly,vincentkelly,8WXka4UkcM,852403671,Active,4,,3,1
Kelvin,Richards,Miller,kelvinmiller,U7G7PmViR9,338544928,Active,4,,3,1
Madaline,Henderson,Hawkins,madalinehawkins,hX7FHwV7o9,43888033,Active,4,,1,1
Amber,Howard,West,amberwest,j82isKxzYC,330541309,Active,4,,2,1
Ashton,Baker,Smith,ashtonsmith,2z5RfBAUGU,739188559,Active,4,,3,1
Arianna,Hill,Cunningham,ariannacunningham,dKzxsNx46E,739156199,Active,5,,,1
Spike,Turner,Morrison,spikemorrison,gBKepio9bK,136951327,Active,6,,,1
Madaline,Cooper,Alexander,madalinealexander,AVZts5geLE,59517478,Active,6,,,1
Preston,Allen,Hawkins,prestonhawkins,HKxoLtULL4,759063316,Active,6,,,1
Paige,Andrews,Wilcon,paigewilcon,L9x3E2UUsS,847727686,Active,6,,,1
Dainton,Murphy,Hall,daintonhall,qgUs74k6iq,883208653,Active,7,,,1
George,Cooper,Douglas,georgedouglas,Z33kDb97rk,366686066,Active,8,,,1
Paul,Holmes,Harper,paulharper,Qtvi6bcktA,269188911,Active,9,,,1
Kimberly,Parker,Adams,kimberlyadams,fYh3eMmSsg,113421078,Active,9,,,1
Byron,Ferguson,Foster,byronfoster,mAZgK6D8Mf,338654377,Active,9,,,1
Jack,Cole,Owens,jackowens,3qPAB4uTif,946927508,Active,9,,,1
Fiona,Holmes,Baker,fionabaker,CeJivk6EQu,385394240,Active,9,,,1
Jordan,Farrell,Gray,jordangray,dUCRR2g4wV,950944435,Active,9,,,1
Brooke,Allen,Philips,brookephilips,ZVnSK6Vyzn,996450857,Active,9,,,1
Henry,Howard,Cooper,henrycooper,JRokTQ2wQM,551162724,Active,9,,,1
Adrianna,Elliott,taylor,adriannataylor,8ihRSRsz5x,345862015,Active,9,,,1
Daniel,Payne,Adams,danieladams,Ycx6KnivaM,162340729,Active,10,,,1
Oscar,Chapman,Parker,oscarparker,Q2uXT36FJM,464272123,Active,10,,,1
Super,,Admin,superadmin,superadminpass,113421078,Active,11,,,